,radius_mean,radius_mean,texture_mean,texture_mean,perimeter_mean,perimeter_mean,area_mean,area_mean
,mean,std,mean,std,mean,std,mean,std
diagnosis,,,,,,,,
B,12.14652380952381,1.7805116461410397,17.914761904761903,3.9951245936759103,78.07540616246499,11.807437580108742,462.7901960784314,134.2871181470596
M,17.462830188679245,3.203971100779363,21.60490566037736,3.779469920776342,115.36537735849056,21.854653291073717,978.3764150943396,367.93797760667036
